{"cameraMode":{"drawMode":0,"name":"Shaded","section":"Shading Mode"},"sceneLighting":false,"audioPlay":false,"sceneViewState":{"m_AlwaysRefresh":false,"showFog":true,"showSkybox":false,"showFlares":true,"showImageEffects":true,"showParticleSystems":true,"showVisualEffectGraphs":true,"m_FxEnabled":true},"in2DMode":false,"pivot":{"x":9.313225746154786e-10,"y":0.14000000059604646,"z":-1.862645149230957e-9},"rotation":{"x":0.0734299048781395,"y":-0.010471382178366185,"z":0.0007711154757998884,"w":0.9972466230392456},"size":0.14071246981620789,"orthographic":false}